{
    "name": "DS_EmpMaster_DataLakeGen2",
    "properties": {
        "linkedServiceName": {
            "referenceName": "ls_datalakegen2",
            "type": "LinkedServiceReference"
        },
        "annotations": [],
        "type": "DelimitedText",
        "typeProperties": {
            "location": {
                "type": "AzureBlobFSLocation",
                "fileName": "EmpMaster.csv",
                "folderPath": "dirpayrollfiles",
                "fileSystem": "adlsnycpayroll-florian-s"
            },
            "columnDelimiter": ",",
            "escapeChar": "\\",
            "firstRowAsHeader": true,
            "quoteChar": "\""
        },
        "schema": [
            {
                "name": "EmployeeID",
                "type": "String"
            },
            {
                "name": "LastName",
                "type": "String"
            },
            {
                "name": "FirstName",
                "type": "String"
            }
        ]
    }
}