{
    "now": "2024-07-08T01:55:16.041Z",
    "perfNow": 24701107.8,
    "diagnosticCorrelation": "77168ed0-ab88-445c-bba8-c82b7ebcf174",
    "source": "DownloadSupportFiles",
    "environment": {
        "productName": "adf",
        "buildVersion": "1.0.062124.5",
        "environmentType": 3,
        "resourceName": "udacitydemo2",
        "resourceRegion": "eastus",
        "resourceGroup": "ODL-DataEng-261891",
        "subscriptionId": "e85c2d28-e9aa-4775-85de-521be630b9fa",
        "sessionId": "vsICMjfjWOWELyGHBqHCjC",
        "operationId": "",
        "gitType": "live",
        "loggingKey": "ec3c97f6-4d8e-41b7-a3a9-019fd0dbdeae"
    },
    "additionalInfo": {
        "selectedResource": "DS_dirstaging_DataLakeGen2",
        "selectedResourceType": "dataset",
        "dataFlowSessionId": "c6a6ea35-8d0b-4227-baad-0ea0a757a077"
    }
}