{
    "name": "DS_NYCPayrollEMPMD_AzureSQLDatabase",
    "properties": {
        "linkedServiceName": {
            "referenceName": "ls_sqldb_nycpayroll",
            "type": "LinkedServiceReference"
        },
        "annotations": [],
        "type": "AzureSqlTable",
        "schema": [
            {
                "name": "EmployeeID",
                "type": "varchar"
            },
            {
                "name": "LastName",
                "type": "varchar"
            },
            {
                "name": "FirstName",
                "type": "varchar"
            }
        ],
        "typeProperties": {
            "schema": "dbo",
            "table": "NYC_Payroll_EMP_MD"
        }
    }
}