{
    "name": "DS_dirstaging_DataLakeGen2",
    "properties": {
        "linkedServiceName": {
            "referenceName": "ls_datalakegen2",
            "type": "LinkedServiceReference"
        },
        "annotations": [],
        "type": "DelimitedText",
        "typeProperties": {
            "location": {
                "type": "AzureBlobFSLocation",
                "folderPath": "dirstaging",
                "fileSystem": "adlsnycpayroll-florian-s"
            },
            "columnDelimiter": ",",
            "escapeChar": "\\",
            "firstRowAsHeader": false,
            "quoteChar": "\""
        },
        "schema": []
    }
}