{
    "name": "DF_NYCPayroll2021",
    "properties": {
        "type": "MappingDataFlow",
        "typeProperties": {
            "sources": [
                {
                    "dataset": {
                        "referenceName": "DS_nycpayroll_2021_DataLakeGen2",
                        "type": "DatasetReference"
                    },
                    "name": "sourcenycpayroll2021"
                }
            ],
            "sinks": [
                {
                    "dataset": {
                        "referenceName": "DS_NYCPayrollData2021_AzureSQLDatabase",
                        "type": "DatasetReference"
                    },
                    "name": "sinknycpayroll2021"
                }
            ],
            "transformations": [],
            "scriptLines": [
                "source(output(",
                "          FiscalYear as integer,",
                "          PayrollNumber as integer,",
                "          AgencyCode as string,",
                "          AgencyName as string,",
                "          EmployeeID as string,",
                "          LastName as string,",
                "          FirstName as string,",
                "          AgencyStartDate as date,",
                "          WorkLocationBorough as string,",
                "          TitleCode as string,",
                "          TitleDescription as string,",
                "          LeaveStatusasofJune30 as string,",
                "          BaseSalary as float,",
                "          PayBasis as string,",
                "          RegularHours as float,",
                "          RegularGrossPaid as float,",
                "          OTHours as float,",
                "          TotalOTPaid as float,",
                "          TotalOtherPay as float",
                "     ),",
                "     allowSchemaDrift: true,",
                "     validateSchema: false,",
                "     ignoreNoFilesFound: false) ~> sourcenycpayroll2021",
                "sourcenycpayroll2021 sink(allowSchemaDrift: true,",
                "     validateSchema: false,",
                "     input(",
                "          FiscalYear as integer,",
                "          PayrollNumber as integer,",
                "          AgencyCode as string,",
                "          AgencyName as string,",
                "          EmployeeID as string,",
                "          LastName as string,",
                "          FirstName as string,",
                "          AgencyStartDate as date,",
                "          WorkLocationBorough as string,",
                "          TitleCode as string,",
                "          TitleDescription as string,",
                "          LeaveStatusasofJune30 as string,",
                "          BaseSalary as double,",
                "          PayBasis as string,",
                "          RegularHours as double,",
                "          RegularGrossPaid as double,",
                "          OTHours as double,",
                "          TotalOTPaid as double,",
                "          TotalOtherPay as double",
                "     ),",
                "     deletable:false,",
                "     insertable:true,",
                "     updateable:false,",
                "     upsertable:false,",
                "     format: 'table',",
                "     skipDuplicateMapInputs: true,",
                "     skipDuplicateMapOutputs: true,",
                "     errorHandlingOption: 'stopOnFirstError',",
                "     mapColumn(",
                "          FiscalYear,",
                "          PayrollNumber,",
                "          AgencyCode,",
                "          AgencyName,",
                "          EmployeeID,",
                "          LastName,",
                "          FirstName,",
                "          AgencyStartDate,",
                "          WorkLocationBorough,",
                "          TitleCode,",
                "          TitleDescription,",
                "          LeaveStatusasofJune30,",
                "          BaseSalary,",
                "          PayBasis,",
                "          RegularHours,",
                "          RegularGrossPaid,",
                "          OTHours,",
                "          TotalOTPaid,",
                "          TotalOtherPay",
                "     )) ~> sinknycpayroll2021"
            ]
        }
    }
}