{
    "name": "DS_TitleMaster_DataLakeGen2",
    "properties": {
        "linkedServiceName": {
            "referenceName": "ls_datalakegen2",
            "type": "LinkedServiceReference"
        },
        "annotations": [],
        "type": "DelimitedText",
        "typeProperties": {
            "location": {
                "type": "AzureBlobFSLocation",
                "fileName": "TitleMaster.csv",
                "folderPath": "dirpayrollfiles",
                "fileSystem": "adlsnycpayroll-florian-s"
            },
            "columnDelimiter": ",",
            "escapeChar": "\\",
            "firstRowAsHeader": true,
            "quoteChar": "\""
        },
        "schema": [
            {
                "name": "TitleCode",
                "type": "String"
            },
            {
                "name": "TitleDescription",
                "type": "String"
            }
        ]
    }
}