{
    "now": "2024-07-08T01:55:56.924Z",
    "perfNow": 24741990.900000002,
    "diagnosticCorrelation": "0680d055-d1f2-45e9-a0e4-d7863b43b3b6",
    "source": "DownloadSupportFiles",
    "environment": {
        "productName": "adf",
        "buildVersion": "1.0.062124.5",
        "environmentType": 3,
        "resourceName": "udacitydemo2",
        "resourceRegion": "eastus",
        "resourceGroup": "ODL-DataEng-261891",
        "subscriptionId": "e85c2d28-e9aa-4775-85de-521be630b9fa",
        "sessionId": "vsICMjfjWOWELyGHBqHCjC",
        "operationId": "",
        "gitType": "live",
        "loggingKey": "ec3c97f6-4d8e-41b7-a3a9-019fd0dbdeae"
    },
    "additionalInfo": {
        "selectedResource": "DF_NYCPayroll2021",
        "selectedResourceType": "dataflow",
        "dataFlowSessionId": "c6a6ea35-8d0b-4227-baad-0ea0a757a077"
    }
}